<?xml version="1.0" encoding="UTF-8"?>

<LightningComponentBundle xmlns="http://soap.sforce.com/2006/04/metadata" fqn="boatMap">

    <apiVersion>48.0</apiVersion>

    <masterLabel>Boat Map Component</masterLabel>



    <description>Component to display a given boat&apos;s location!</description>

    <isExposed>true</isExposed>

    <targets>

        <target>lightning__RecordPage</target>

        <target>lightning__AppPage</target>

    </targets>

    <targetConfigs>

        <targetConfig targets="lightning__RecordPage">

            <objects>

                <object>Boat__c</object>

            </objects>

        </targetConfig>

    </targetConfigs>

</LightningComponentBundle>